date,symbol,open,high,low,close,volume
2021-08-02 08:00:00,FIRE,1.988,2.084,1.96,2.052,182890.0
2021-08-03 08:00:00,FIRE,2.052,2.052,2.04,2.052,15945.0
2021-08-04 08:00:00,FIRE,2.052,2.12,2.0,2.016,50885.0
2021-08-05 08:00:00,FIRE,2.016,2.116,2.0,2.072,49250.0
2021-08-08 08:00:00,FIRE,2.072,2.14,2.072,2.072,22875.0
2021-08-09 08:00:00,FIRE,2.072,2.168,1.972,2.076,169872.5
2021-08-10 08:00:00,FIRE,2.076,2.076,1.98,2.076,9790.0
2021-08-11 08:00:00,FIRE,2.076,2.1,1.976,2.076,29622.5
2021-08-15 08:00:00,FIRE,2.076,2.112,1.98,2.076,46545.0
2021-08-16 08:00:00,FIRE,2.075,2.12,2.025,2.075,25350.0
2021-08-17 08:00:00,FIRE,2.075,2.075,1.98,2.075,41286.0
2021-08-18 08:00:00,FIRE,2.075,2.075,1.975,1.975,51392.0
2021-08-22 08:00:00,FIRE,1.975,2.065,1.975,2.055,49000.0
2021-08-23 08:00:00,FIRE,2.055,2.055,2.03,2.045,50000.0
2021-08-24 08:00:00,FIRE,2.045,2.145,1.945,2.105,234000.0
2021-08-25 08:00:00,FIRE,2.105,2.205,2.05,2.155,199904.0
2021-08-26 08:00:00,FIRE,2.155,2.26,2.15,2.2,332000.0
2021-08-29 08:00:00,FIRE,2.2,2.205,2.15,2.195,61784.0
2021-08-30 08:00:00,FIRE,2.195,2.245,2.095,2.195,19200.0
2021-08-31 08:00:00,FIRE,2.195,2.3,2.11,2.295,652016.0
2021-09-01 08:00:00,FIRE,2.295,2.4,2.295,2.36,86456.0
2021-09-02 08:00:00,FIRE,2.36,2.475,2.35,2.45,245958.0
2021-09-05 08:00:00,FIRE,2.45,2.645,2.45,2.46,167300.0
2021-09-06 08:00:00,FIRE,2.46,2.705,2.4,2.6,437730.0
2021-09-07 08:00:00,FIRE,2.6,2.86,2.6,2.8,413224.0
2021-09-08 08:00:00,FIRE,2.8,3.08,2.8,3.08,138150.0
2021-09-09 08:00:00,FIRE,3.08,3.385,3.08,3.385,242250.0
2021-09-12 08:00:00,FIRE,3.385,3.72,3.385,3.72,439676.0
2021-09-13 08:00:00,FIRE,3.72,4.0,3.35,3.73,118668.0
2021-09-14 08:00:00,FIRE,3.73,3.73,3.46,3.585,150300.0
2021-09-15 08:00:00,FIRE,3.585,3.94,3.49,3.885,162286.0
2021-09-16 08:00:00,FIRE,3.885,4.25,3.885,4.13,105968.0
2021-09-19 08:00:00,FIRE,4.13,4.3,4.0,4.14,98058.0
2021-09-20 08:00:00,FIRE,4.14,4.25,3.755,4.14,20730.0
2021-09-21 08:00:00,FIRE,4.14,4.5100005,3.73,4.285,218896.0
2021-09-22 08:00:00,FIRE,4.285,4.285,4.025,4.285,8020.0
2021-09-23 08:00:00,FIRE,4.285,4.71,4.015,4.545,118064.0
2021-09-26 08:00:00,FIRE,4.545,4.545,4.25,4.545,21926.0
2021-09-27 08:00:00,FIRE,4.545,4.77,4.125,4.545,30554.0
2021-09-28 08:00:00,FIRE,4.545,4.95,4.095,4.895,167096.0
2021-09-29 08:00:00,FIRE,4.895,5.35,4.625,4.8850005,67618.0
2021-09-30 08:00:00,FIRE,4.8850005,5.0,4.75,4.86,76360.0
2021-10-03 08:00:00,FIRE,4.86,4.86,4.375,4.375,45660.0
2021-10-04 08:00:00,FIRE,4.375,4.8,4.375,4.585,118286.0
2021-10-05 08:00:00,FIRE,4.585,4.7,4.13,4.585,31352.0
2021-10-06 08:00:00,FIRE,4.585,4.585,4.13,4.165,44172.0
2021-10-10 08:00:00,FIRE,4.165,4.25,3.75,3.75,40944.0
2021-10-11 08:00:00,FIRE,3.75,3.75,3.375,3.375,172334.0
2021-10-12 08:00:00,FIRE,3.375,3.71,3.375,3.69,200204.0
2021-10-13 08:00:00,FIRE,3.69,3.995,3.51,3.69,21158.0
2021-10-14 08:00:00,FIRE,3.69,4.0,3.5,3.54,112478.0
2021-10-17 08:00:00,FIRE,3.54,3.89,3.54,3.89,91602.0
2021-10-18 08:00:00,FIRE,3.89,4.275,3.89,4.125,159710.0
2021-10-19 08:00:00,FIRE,4.125,4.495,4.1,4.285,93760.0
2021-10-20 08:00:00,FIRE,4.285,4.6,3.865,4.285,24638.0
2021-10-24 08:00:00,FIRE,4.285,4.5,4.025,4.48,41740.0
2021-10-25 08:00:00,FIRE,4.48,4.48,4.035,4.48,27216.0
2021-10-26 08:00:00,FIRE,4.48,4.48,4.035,4.48,2050.0
2021-10-27 08:00:00,FIRE,4.48,4.48,4.035,4.48,1726.0
2021-10-28 08:00:00,FIRE,4.48,4.48,4.035,4.48,4680.0
2021-10-31 08:00:00,FIRE,4.48,4.48,4.035,4.48,13500.0
2021-11-04 08:00:00,FIRE,4.48,4.48,4.035,4.48,1000.0
2021-11-07 08:00:00,FIRE,4.48,4.48,4.035,4.48,60.0
2021-11-14 08:00:00,FIRE,4.48,4.48,4.035,4.48,1000.0
2021-11-15 08:00:00,FIRE,4.48,4.48,4.035,4.48,1110.0
2021-12-21 08:00:00,FIRE,4.48,4.48,4.035,4.48,12.0
2021-12-26 08:00:00,FIRE,4.48,4.48,4.035,4.48,84.0
2022-01-05 08:00:00,FIRE,4.48,4.48,4.035,4.48,2000.0
2022-02-07 08:00:00,FIRE,4.48,4.48,4.035,4.035,80.0
2022-02-08 08:00:00,FIRE,4.48,4.48,4.035,4.035,336.0
2022-02-09 08:00:00,FIRE,4.48,4.48,4.035,4.035,312.0
2022-02-21 08:00:00,FIRE,4.48,4.48,4.035,4.035,246.0
2022-03-08 08:00:00,FIRE,4.48,4.48,4.035,4.035,38000.0
2022-03-09 08:00:00,FIRE,4.035,4.035,3.635,3.635,600000.0
2022-03-13 08:00:00,FIRE,3.635,3.635,3.275,3.275,370.0
2022-03-30 08:00:00,FIRE,3.635,3.635,3.275,3.275,60.0
2022-04-17 08:00:00,FIRE,3.635,3.635,3.275,3.275,377900.0
2022-04-18 08:00:00,FIRE,3.275,3.275,2.95,2.95,107580.0
2022-04-21 08:00:00,FIRE,2.95,2.95,2.655,2.655,7596.0
2022-07-04 08:00:00,FIRE,2.95,2.95,2.655,2.655,1139224.0
2022-07-05 08:00:00,FIRE,2.655,2.655,2.39,2.39,1600.0
2022-07-06 08:00:00,FIRE,2.655,2.655,2.39,2.39,290000.0
2022-07-07 08:00:00,FIRE,2.39,2.39,2.155,2.39,18416.0
2022-07-18 08:00:00,FIRE,2.39,2.39,2.155,2.325,42204.0
2022-07-19 08:00:00,FIRE,2.39,2.39,2.155,2.155,2000.0
2022-07-20 08:00:00,FIRE,2.39,2.39,2.155,2.155,80440.0
2022-07-21 08:00:00,FIRE,2.155,2.155,1.94,1.94,90500.0
2022-07-24 08:00:00,FIRE,2.1,2.1,1.89,1.89,6416.0
2022-08-07 08:00:00,FIRE,2.1,2.1,1.89,1.89,5000.0
2022-08-09 08:00:00,FIRE,2.1,2.1,1.89,1.89,5000.0
2022-08-11 08:00:00,FIRE,2.1,2.1,1.89,1.89,200.0
2022-08-25 08:00:00,FIRE,2.1,2.1,1.89,1.89,755036.0
2022-08-28 08:00:00,FIRE,1.89,1.89,1.705,1.705,943640.0
2022-08-29 08:00:00,FIRE,1.705,1.705,1.535,1.535,96304.0
2022-08-30 08:00:00,FIRE,1.705,1.705,1.535,1.535,4910.0
2022-08-31 08:00:00,FIRE,1.705,1.705,1.535,1.535,220.0
2022-09-06 08:00:00,FIRE,1.705,1.705,1.535,1.535,2011400.0
2022-09-07 08:00:00,FIRE,1.535,1.535,1.385,1.53,455030.0
2022-09-08 08:00:00,FIRE,1.52,1.535,1.37,1.37,1503292.0
2022-09-11 08:00:00,FIRE,1.37,1.505,1.37,1.42,1166302.0
2022-09-12 08:00:00,FIRE,1.42,1.56,1.42,1.56,2002270.0
2022-09-13 08:00:00,FIRE,1.53,1.68,1.53,1.68,2168982.0
2022-09-14 08:00:00,FIRE,1.68,1.845,1.61,1.825,1877544.0
2022-09-15 08:00:00,FIRE,1.8,1.9,1.62,1.88,2275314.0
2022-09-18 08:00:00,FIRE,1.88,1.955,1.695,1.695,1673310.0
2022-09-19 08:00:00,FIRE,1.695,1.695,1.53,1.53,1143200.0
2022-09-20 08:00:00,FIRE,1.53,1.61,1.48,1.55,2060166.0
2022-09-21 08:00:00,FIRE,1.55,1.6,1.49,1.505,923250.0
2022-09-22 08:00:00,FIRE,1.505,1.55,1.405,1.45,1896486.0
2022-09-25 08:00:00,FIRE,1.45,1.47,1.305,1.325,2549778.0
2022-09-26 08:00:00,FIRE,1.325,1.325,1.23,1.31,1752276.0
2022-09-27 08:00:00,FIRE,1.275,1.4,1.275,1.4,1894794.0
2022-09-28 08:00:00,FIRE,1.4,1.54,1.4,1.54,2746510.0
2022-09-29 08:00:00,FIRE,1.54,1.65,1.5,1.52,1646968.0
2022-10-02 08:00:00,FIRE,1.52,1.535,1.425,1.44,619536.0
2022-10-03 08:00:00,FIRE,1.44,1.57,1.41,1.5,612396.0
2022-10-04 08:00:00,FIRE,1.485,1.56,1.405,1.42,587654.0
2022-10-05 08:00:00,FIRE,1.42,1.465,1.36,1.4,528648.0
2022-10-09 08:00:00,FIRE,1.385,1.4,1.325,1.365,533820.0
2022-10-10 08:00:00,FIRE,1.37,1.5,1.35,1.35,736644.0
2022-10-11 08:00:00,FIRE,1.35,1.37,1.22,1.22,406480.0
2022-10-12 08:00:00,FIRE,1.22,1.22,1.1,1.14,412838.0
2022-10-13 08:00:00,FIRE,1.14,1.25,1.06,1.25,424580.0
2022-10-16 08:00:00,FIRE,1.25,1.375,1.25,1.375,733822.0
2022-10-17 08:00:00,FIRE,1.375,1.512,1.32,1.512,1052677.0
2022-10-18 08:00:00,FIRE,1.512,1.635,1.43,1.459,1103031.0
2022-10-19 08:00:00,FIRE,1.459,1.459,1.32,1.37,360644.0
2022-10-20 08:00:00,FIRE,1.353,1.485,1.274,1.44,401423.0
2022-10-23 08:00:00,FIRE,1.433,1.54,1.3,1.44,1731031.0
2022-10-24 08:00:00,FIRE,1.411,1.45,1.307,1.307,882543.0
2022-10-25 08:00:00,FIRE,1.318,1.35,1.235,1.29,357457.0
2022-10-26 08:00:00,FIRE,1.272,1.3,1.26,1.299,130237.0
2022-10-27 08:00:00,FIRE,1.271,1.34,1.25,1.275,204893.0
2022-10-30 08:00:00,FIRE,1.275,1.32,1.2,1.275,117990.0
2022-10-31 08:00:00,FIRE,1.275,1.358,1.2,1.271,332706.0
2022-11-01 08:00:00,FIRE,1.268,1.306,1.253,1.253,159520.0
2022-11-02 08:00:00,FIRE,1.254,1.301,1.201,1.246,221377.0
2022-11-03 08:00:00,FIRE,1.258,1.258,1.214,1.23,70677.0
2022-11-06 08:00:00,FIRE,1.23000002,1.23000002,1.20099998,1.204,184015.0
2022-11-07 08:00:00,FIRE,1.204,1.23,1.19,1.192,180516.0
2022-11-08 08:00:00,FIRE,1.202,1.225,1.176,1.176,237169.0
2022-11-09 08:00:00,FIRE,1.181,1.181,1.13,1.135,138640.0
2022-11-10 08:00:00,FIRE,1.135,1.218,1.135,1.198,172701.0
2022-11-13 08:00:00,FIRE,1.198,1.27,1.198,1.236,149631.0
2022-11-14 08:00:00,FIRE,1.24,1.24,1.14,1.16,233103.0
2022-11-15 08:00:00,FIRE,1.152,1.2,1.1,1.189,279919.0
2022-11-16 08:00:00,FIRE,1.127,1.178,1.125,1.13,275405.0
2022-11-17 08:00:00,FIRE,1.132,1.163,1.12,1.16,425011.0
2022-11-20 08:00:00,FIRE,1.156,1.22,1.15,1.19,447304.0
2022-11-21 08:00:00,FIRE,1.194,1.194,1.168,1.172,257246.0
2022-11-22 08:00:00,FIRE,1.172,1.175,1.15,1.156,196032.0
2022-11-23 08:00:00,FIRE,1.168,1.17,1.131,1.133,381589.0
2022-11-24 08:00:00,FIRE,1.137,1.146,1.12,1.143,212623.0
2022-11-27 08:00:00,FIRE,1.132,1.14,1.12,1.124,105561.0
2022-11-28 08:00:00,FIRE,1.132,1.132,1.1,1.112,206870.0
2022-11-29 08:00:00,FIRE,1.113,1.129,1.1,1.118,220279.0
2022-11-30 08:00:00,FIRE,1.118,1.129,1.068,1.085,356538.0
2022-12-01 08:00:00,FIRE,1.085,1.127,1.072,1.1,158045.0
2022-12-04 08:00:00,FIRE,1.094,1.127,1.077,1.098,302042.0
2022-12-05 08:00:00,FIRE,1.098,1.123,1.07,1.071,276355.0
2022-12-06 08:00:00,FIRE,1.075,1.109,1.062,1.08,112786.0
2022-12-07 08:00:00,FIRE,1.075,1.1,1.07,1.093,253140.0
2022-12-08 08:00:00,FIRE,1.092,1.113,1.061,1.09,147645.0
2022-12-11 08:00:00,FIRE,1.087,1.097,1.08,1.08,62197.0
2022-12-12 08:00:00,FIRE,1.087,1.1,1.0,1.052,361681.0
2022-12-13 08:00:00,FIRE,1.031,1.078,1.031,1.078,274461.0
2022-12-14 08:00:00,FIRE,1.073,1.18,1.061,1.18,688362.0
2022-12-15 08:00:00,FIRE,1.172,1.237,1.161,1.161,524910.0
2022-12-18 08:00:00,FIRE,1.162,1.21,1.11,1.119,382414.0
2022-12-19 08:00:00,FIRE,1.119,1.137,1.068,1.071,262899.0
2022-12-20 08:00:00,FIRE,1.071,1.11,1.071,1.105,75198.0
2022-12-21 08:00:00,FIRE,1.071,1.117,1.071,1.082,31340.0
2022-12-22 08:00:00,FIRE,1.071,1.091,1.05,1.051,148696.0
2022-12-25 08:00:00,FIRE,1.052,1.086,1.013,1.05,95260.0
2022-12-26 08:00:00,FIRE,1.052,1.067,1.03,1.04,109258.0
2022-12-27 08:00:00,FIRE,1.052,1.089,1.041,1.089,110467.0
2022-12-28 08:00:00,FIRE,1.052,1.088,1.051,1.054,15250.0
2022-12-29 08:00:00,FIRE,1.052,1.06,1.04,1.05,89849.0
2023-01-02 08:00:00,FIRE,1.052,1.108,1.04,1.05,73366.0
2023-01-03 08:00:00,FIRE,1.052,1.107,1.052,1.104,240702.0
2023-01-04 08:00:00,FIRE,1.104,1.134,1.07,1.132,373919.0
2023-01-05 08:00:00,FIRE,1.13,1.137,1.108,1.12,361852.0
2023-01-09 08:00:00,FIRE,1.122,1.149,1.103,1.141,321744.0
2023-01-10 08:00:00,FIRE,1.141,1.169,1.1,1.109,157832.0
2023-01-11 08:00:00,FIRE,1.109,1.21,1.063,1.131,441894.0
2023-01-12 08:00:00,FIRE,1.142,1.181,1.114,1.147,145304.0
2023-01-15 08:00:00,FIRE,1.147,1.167,1.102,1.102,87000.0
2023-01-16 08:00:00,FIRE,1.147,1.147,1.102,1.143,178896.0
2023-01-17 08:00:00,FIRE,1.133,1.158,1.081,1.103,290969.0
2023-01-18 08:00:00,FIRE,1.108,1.134,1.08,1.088,411913.0
2023-01-19 08:00:00,FIRE,1.097,1.125,1.073,1.1,264883.0
2023-01-22 08:00:00,FIRE,1.108,1.149,1.1,1.112,68657.0
2023-01-23 08:00:00,FIRE,1.108,1.136,1.096,1.108,91490.0
2023-01-24 08:00:00,FIRE,1.108,1.169,1.1,1.159,123666.0
2023-01-25 08:00:00,FIRE,1.108,1.185,1.108,1.17,193721.0
2023-01-29 08:00:00,FIRE,1.154,1.188,1.123,1.14,23209.0
2023-01-30 08:00:00,FIRE,1.154,1.16,1.107,1.108,84324.0
2023-01-31 08:00:00,FIRE,1.154,1.154,1.08,1.11,138886.0
2023-02-01 08:00:00,FIRE,1.082,1.154,1.075,1.145,138903.0
2023-02-02 08:00:00,FIRE,1.137,1.179,1.102,1.107,54115.0
2023-02-05 08:00:00,FIRE,1.137,1.169,1.103,1.125,44903.0
2023-02-06 08:00:00,FIRE,1.137,1.137,1.103,1.105,77550.0
2023-02-07 08:00:00,FIRE,1.137,1.15,1.076,1.078,150754.0
2023-02-08 08:00:00,FIRE,1.131,1.153,1.08,1.14,307015.0
2023-02-09 08:00:00,FIRE,1.147,1.16,1.101,1.101,120512.0
2023-02-12 08:00:00,FIRE,1.147,1.158,1.1,1.108,192302.0
2023-02-13 08:00:00,FIRE,1.141,1.148,1.108,1.108,10309.0
2023-02-14 08:00:00,FIRE,1.141,1.184,1.121,1.184,243116.0
2023-02-15 08:00:00,FIRE,1.159,1.184,1.121,1.121,63350.0
2023-02-16 08:00:00,FIRE,1.159,1.22,1.12,1.16,291108.0
2023-02-19 08:00:00,FIRE,1.17,1.287,1.17,1.287,632696.0
2023-02-20 08:00:00,FIRE,1.287,1.415,1.287,1.415,958338.0
2023-02-21 08:00:00,FIRE,1.413,1.5,1.29,1.449,787151.0
2023-02-22 08:00:00,FIRE,1.424,1.43,1.33,1.385,157814.0
2023-02-23 08:00:00,FIRE,1.385,1.395,1.287,1.321,274565.0
2023-02-26 08:00:00,FIRE,1.364,1.397,1.301,1.379,106817.0
2023-02-27 08:00:00,FIRE,1.364,1.364,1.297,1.327,261101.0
2023-02-28 08:00:00,FIRE,1.306,1.39,1.2,1.27,359893.0
2023-03-01 08:00:00,FIRE,1.222,1.3,1.2,1.3,333955.0
2023-03-02 08:00:00,FIRE,1.263,1.312,1.25,1.25,100469.0
2023-03-05 08:00:00,FIRE,1.263,1.292,1.2,1.202,193798.0
2023-03-06 08:00:00,FIRE,1.224,1.244,1.201,1.22,58157.0
2023-03-07 08:00:00,FIRE,1.224,1.279,1.224,1.23,51068.0
2023-03-08 08:00:00,FIRE,1.224,1.24,1.2,1.2,93838.0
2023-03-09 08:00:00,FIRE,1.224,1.32,1.202,1.241,143026.0
2023-03-12 08:00:00,FIRE,1.241,1.26,1.18,1.202,216556.0
2023-03-13 08:00:00,FIRE,1.213,1.248,1.181,1.192,315224.0
2023-03-14 08:00:00,FIRE,1.192,1.23,1.17,1.22,346185.0
2023-03-15 08:00:00,FIRE,1.193,1.266,1.133,1.165,210100.0
2023-03-16 08:00:00,FIRE,1.161,1.2,1.135,1.167,136851.0
2023-03-19 08:00:00,FIRE,1.17,1.176,1.126,1.17,277974.0
2023-03-20 08:00:00,FIRE,1.17,1.245,1.15,1.217,161246.0
2023-03-21 08:00:00,FIRE,1.217,1.338,1.204,1.338,1244306.0
2023-03-22 08:00:00,FIRE,1.338,1.4,1.29,1.29,212769.0
2023-03-23 08:00:00,FIRE,1.301,1.38,1.265,1.293,144457.0
2023-03-26 08:00:00,FIRE,1.294,1.36,1.294,1.301,95432.0
2023-03-27 08:00:00,FIRE,1.294,1.358,1.231,1.231,210909.0
2023-03-28 08:00:00,FIRE,1.268,1.305,1.24,1.245,46000.0
2023-03-29 08:00:00,FIRE,1.268,1.34,1.214,1.34,228655.0
2023-03-30 08:00:00,FIRE,1.328,1.36,1.305,1.305,31885.0
2023-04-02 08:00:00,FIRE,1.328,1.39,1.211,1.325,147376.0
2023-04-03 08:00:00,FIRE,1.317,1.369,1.235,1.312,61841.0
2023-04-04 08:00:00,FIRE,1.317,1.39,1.28,1.39,137915.0
2023-04-05 08:00:00,FIRE,1.385,1.447,1.382,1.43,291348.0
2023-04-06 08:00:00,FIRE,1.389,1.447,1.38,1.403,682831.0
2023-04-09 08:00:00,FIRE,1.402,1.45,1.311,1.396,135944.0
2023-04-10 08:00:00,FIRE,1.394,1.46,1.32,1.45,478481.0
2023-04-11 08:00:00,FIRE,1.43,1.571,1.43,1.513,280954.0
2023-04-12 08:00:00,FIRE,1.513,1.6,1.472,1.508,323124.0
2023-04-13 08:00:00,FIRE,1.508,1.579,1.42,1.516,113256.0
2023-04-18 08:00:00,FIRE,1.515,1.515,1.475,1.515,95105.0
2023-04-19 08:00:00,FIRE,1.515,1.549,1.475,1.53,141796.0
2023-04-26 08:00:00,FIRE,1.53,1.683,1.53,1.647,167168.0
2023-04-27 08:00:00,FIRE,1.602,1.66,1.531,1.636,383266.0
2023-04-30 07:00:00,FIRE,1.636,1.676,1.6,1.64,316941.0
2023-05-01 07:00:00,FIRE,1.601,1.7,1.592,1.613,377264.0
2023-05-02 07:00:00,FIRE,1.613,1.74,1.6,1.614,323741.0
2023-05-03 07:00:00,FIRE,1.614,1.649,1.453,1.635,386809.0
2023-05-07 07:00:00,FIRE,1.624,1.679,1.602,1.66,93562.0
2023-05-08 07:00:00,FIRE,1.628,1.79,1.628,1.73,393793.0
2023-05-09 07:00:00,FIRE,1.718,1.745,1.656,1.73,177324.0
2023-05-10 07:00:00,FIRE,1.698,1.729,1.6,1.729,234863.0
2023-05-11 07:00:00,FIRE,1.667,1.672,1.662,1.664,35550.0
2023-05-14 07:00:00,FIRE,1.667,1.78,1.631,1.642,367905.0
2023-05-15 07:00:00,FIRE,1.642,1.71,1.606,1.67,40861.0
2023-05-16 07:00:00,FIRE,1.642,1.69,1.642,1.69,54001.0
2023-05-17 07:00:00,FIRE,1.642,1.689,1.601,1.607,154432.0
2023-05-18 07:00:00,FIRE,1.607,1.699,1.51,1.607,124461.0
2023-05-21 07:00:00,FIRE,1.607,1.718,1.607,1.718,1172579.0
2023-05-22 07:00:00,FIRE,1.718,1.73,1.67,1.718,64051.0
2023-05-23 07:00:00,FIRE,1.718,1.718,1.55,1.67,188049.0
2023-05-24 07:00:00,FIRE,1.605,1.74,1.605,1.732,363865.0
2023-05-25 07:00:00,FIRE,1.732,1.85,1.66,1.718,156921.0
2023-05-28 07:00:00,FIRE,1.694,1.718,1.63,1.652,108068.0
2023-05-29 07:00:00,FIRE,1.652,1.758,1.63,1.634,12170.0
2023-05-30 07:00:00,FIRE,1.652,1.718,1.65,1.709,211800.0
2023-05-31 07:00:00,FIRE,1.709,1.75,1.709,1.742,207612.0
2023-06-01 07:00:00,FIRE,1.742,1.84,1.7,1.7,139062.0
2023-06-04 07:00:00,FIRE,1.715,1.886,1.68,1.85,152500.0
2023-06-05 07:00:00,FIRE,1.816,1.89,1.71,1.865,99892.0
2023-06-06 07:00:00,FIRE,1.824,1.9,1.721,1.898,190200.0
2023-06-07 07:00:00,FIRE,1.897,2.05,1.792,1.991,534373.0
2023-06-08 07:00:00,FIRE,1.991,2.05,1.881,1.991,74595.0
2023-06-11 07:00:00,FIRE,1.991,2.069,1.85,1.976,297202.0
2023-06-12 07:00:00,FIRE,1.976,2.069,1.976,2.069,50102.0
2023-06-13 07:00:00,FIRE,1.976,2.05,1.9,1.916,118280.0
2023-06-14 07:00:00,FIRE,1.916,1.99,1.81,1.916,76332.0
2023-06-15 07:00:00,FIRE,1.916,1.98,1.832,1.98,78751.0
2023-06-18 07:00:00,FIRE,1.936,2.0,1.85,1.934,54504.0
2023-06-19 07:00:00,FIRE,1.936,1.936,1.83,1.936,61989.0
2023-06-20 07:00:00,FIRE,1.936,1.936,1.762,1.936,80142.0
2023-06-21 07:00:00,FIRE,1.936,1.936,1.8,1.936,75808.0
2023-06-22 07:00:00,FIRE,1.936,1.936,1.743,1.743,495990.0
2023-06-25 07:00:00,FIRE,1.743,1.756,1.6,1.708,143844.0
2023-07-04 07:00:00,FIRE,1.635,1.767,1.6,1.75,50695.0
2023-07-05 07:00:00,FIRE,1.635,1.748,1.635,1.748,63220.0
2023-07-06 07:00:00,FIRE,1.635,1.77,1.635,1.738,32191.0
2023-07-09 07:00:00,FIRE,1.635,1.798,1.635,1.798,530657.0
2023-07-10 07:00:00,FIRE,1.798,1.977,1.798,1.977,1003056.0
2023-07-11 07:00:00,FIRE,1.977,2.0,1.78,1.938,235220.0
2023-07-12 07:00:00,FIRE,1.938,2.05,1.93,1.991,617855.0
2023-07-13 07:00:00,FIRE,1.991,2.19,1.943,2.118,307453.0
2023-07-16 07:00:00,FIRE,2.12,2.28,2.0,2.02,276915.0
2023-07-17 07:00:00,FIRE,2.06,2.16,1.99,2.0,1025395.0
2023-07-18 07:00:00,FIRE,2.0,2.05,1.97,2.04,94335.0
2023-07-19 07:00:00,FIRE,1.99,2.09,1.84,2.05,12102.0
2023-07-24 07:00:00,FIRE,1.99,2.09,1.99,1.995,24355.0
2023-07-25 07:00:00,FIRE,1.99,2.08,1.901,2.07,222219.0
2023-07-26 07:00:00,FIRE,2.024,2.024,1.912,1.972,181379.0
2023-07-27 07:00:00,FIRE,1.975,2.17,1.975,2.01,36216.0
2023-07-30 07:00:00,FIRE,1.975,2.01,1.92,1.95,64983.0
2023-07-31 07:00:00,FIRE,1.975,2.073,1.975,2.069,63244.0
2023-08-01 07:00:00,FIRE,1.975,2.01,1.975,2.01,107230.0
2023-08-02 07:00:00,FIRE,1.99,2.0,1.96,1.97,123280.0
2023-08-03 07:00:00,FIRE,1.975,2.0,1.951,1.951,11300.0
2023-08-06 07:00:00,FIRE,1.975,2.172,1.974,2.15,381539.0
2023-08-07 07:00:00,FIRE,2.156,2.228,2.06,2.064,152949.0
2023-08-08 07:00:00,FIRE,2.07,2.07,1.951,2.0,351634.0
2023-08-09 07:00:00,FIRE,1.976,2.03,1.92,1.92,157446.0
2023-08-10 07:00:00,FIRE,1.943,2.04,1.9,1.94,124024.0
2023-08-13 07:00:00,FIRE,1.954,1.961,1.931,1.961,35500.0
2023-08-14 07:00:00,FIRE,1.954,1.997,1.942,1.95,81058.0
2023-08-15 07:00:00,FIRE,1.951,2.09,1.95,1.951,38592.0
2023-08-16 07:00:00,FIRE,1.951,2.1,1.951,2.02,203272.0
2023-08-17 07:00:00,FIRE,2.025,2.227,2.01,2.19,515573.0
2023-08-20 07:00:00,FIRE,2.22,2.3,2.06,2.3,303030.0
2023-08-21 07:00:00,FIRE,2.27,2.35,2.2,2.35,976380.0
2023-08-22 07:00:00,FIRE,2.35,2.35,2.22,2.29,217392.0
2023-08-23 07:00:00,FIRE,2.29,2.5,2.24,2.31,1187918.0
2023-08-24 07:00:00,FIRE,2.31,2.39,2.23,2.39,178572.0
2023-08-27 07:00:00,FIRE,2.31,2.35,2.24,2.31,57942.0
2023-08-28 07:00:00,FIRE,2.31,2.32,2.15,2.22,157934.0
2023-08-29 07:00:00,FIRE,2.22,2.3,2.17,2.28,23361.0
2023-08-30 07:00:00,FIRE,2.22,2.29,2.05,2.2,403229.0
2023-08-31 07:00:00,FIRE,2.2,2.28,2.13,2.2,161531.0
2023-09-03 07:00:00,FIRE,2.2,2.38,2.14,2.37,532438.0
2023-09-04 07:00:00,FIRE,2.37,2.44,2.14,2.3,1168235.0
2023-09-05 07:00:00,FIRE,2.3,2.3,2.07,2.14,452466.0
2023-09-06 07:00:00,FIRE,2.11,2.25,2.05,2.25,146822.0
2023-09-07 07:00:00,FIRE,2.18,2.29,2.0,2.07,141939.0
2023-09-10 07:00:00,FIRE,2.07,2.25,2.07,2.2,863881.0
2023-09-11 07:00:00,FIRE,2.18,2.21,2.08,2.19,322150.0
2023-09-12 07:00:00,FIRE,2.13,2.21,2.1,2.18,286830.0
2023-09-13 07:00:00,FIRE,2.18,2.18,2.1,2.11,138950.0
2023-09-14 07:00:00,FIRE,2.13,2.13,2.1,2.1,27441.0
2023-09-17 07:00:00,FIRE,2.13,2.15,2.1,2.14,127911.0
2023-09-18 07:00:00,FIRE,2.14,2.2,2.09,2.2,284905.0
2023-09-19 07:00:00,FIRE,2.2,2.2,2.11,2.2,18305.0
2023-09-20 07:00:00,FIRE,2.2,2.2,2.1,2.1,54627.0
2023-09-21 07:00:00,FIRE,2.2,2.2,2.04,2.06,610181.0
2023-09-24 07:00:00,FIRE,2.06,2.06,1.87,2.06,75214.0
2023-09-25 07:00:00,FIRE,2.06,2.09,1.86,2.01,185171.0
2023-09-26 07:00:00,FIRE,2.01,2.01,1.9,2.01,27139.0
2023-09-27 07:00:00,FIRE,2.01,2.01,1.87,1.89,18072.0
2023-10-01 07:00:00,FIRE,2.01,2.15,1.9,2.15,252942.0
2023-10-02 07:00:00,FIRE,2.08,2.08,1.94,2.03,92649.0
2023-10-04 07:00:00,FIRE,1.96,2.06,1.93,1.93,65054.0
2023-10-08 07:00:00,FIRE,1.96,1.96,1.764,1.96,19805.0
2023-10-09 07:00:00,FIRE,1.96,2.04,1.801,1.997,13152.0
2023-10-10 07:00:00,FIRE,1.96,2.059,1.906,1.99,47101.0
2023-10-11 07:00:00,FIRE,1.96,2.149,1.93,2.08,632067.0
2023-10-12 07:00:00,FIRE,2.044,2.1,1.901,1.956,570672.0
2023-10-15 07:00:00,FIRE,2.05,2.05,1.95,2.0,43085.0
2023-10-16 07:00:00,FIRE,2.05,2.09,1.96,1.96,372000.0
2023-10-17 07:00:00,FIRE,2.03,2.03,1.9,1.99,278400.0
2023-10-18 07:00:00,FIRE,1.99,1.99,1.87,1.87,8125.0
2023-10-19 07:00:00,FIRE,1.99,1.99,1.8,1.8,295372.0
2023-10-22 07:00:00,FIRE,1.8,1.93,1.653,1.93,86511.0
2023-10-23 07:00:00,FIRE,1.884,1.941,1.884,1.941,1500.0
2023-10-24 07:00:00,FIRE,1.884,1.91,1.77,1.805,135638.0
2023-10-25 07:00:00,FIRE,1.805,1.854,1.7,1.813,44030.0
2023-10-26 07:00:00,FIRE,1.805,1.85,1.753,1.753,126915.0
2023-10-29 08:00:00,FIRE,1.786,1.83,1.608,1.809,197166.0
2023-10-30 08:00:00,FIRE,1.714,1.807,1.714,1.715,15280.0
2023-11-01 08:00:00,FIRE,1.714,1.75,1.543,1.551,413776.0
2023-11-02 08:00:00,FIRE,1.551,1.551,1.432,1.549,67665.0
2023-11-05 08:00:00,FIRE,1.551,1.599,1.48,1.551,49617.0
2023-11-06 08:00:00,FIRE,1.551,1.57,1.467,1.551,133576.0
2023-11-07 08:00:00,FIRE,1.551,1.551,1.43,1.45,297465.0
2023-11-08 08:00:00,FIRE,1.45,1.49,1.45,1.49,35826.0
2023-11-09 08:00:00,FIRE,1.45,1.54,1.45,1.539,108582.0
2023-11-12 08:00:00,FIRE,1.504,1.52,1.47,1.504,56360.0
2023-11-13 08:00:00,FIRE,1.504,1.51,1.47,1.5,38790.0
2023-11-14 08:00:00,FIRE,1.504,1.54,1.44,1.485,194355.0
2023-11-15 08:00:00,FIRE,1.485,1.53,1.47,1.485,33570.0
2023-11-16 08:00:00,FIRE,1.485,1.514,1.441,1.47,196464.0
2023-11-19 08:00:00,FIRE,1.459,1.499,1.44,1.48,138137.0
2023-11-20 08:00:00,FIRE,1.452,1.487,1.45,1.475,75512.0
2023-11-21 08:00:00,FIRE,1.452,1.478,1.441,1.452,101979.0
2023-11-22 08:00:00,FIRE,1.452,1.469,1.432,1.459,49417.0
2023-11-23 08:00:00,FIRE,1.452,1.51,1.307,1.492,280585.0
2023-11-26 08:00:00,FIRE,1.492,1.5,1.442,1.492,67953.0
2023-11-27 08:00:00,FIRE,1.492,1.5,1.47,1.499,113520.0
2023-11-28 08:00:00,FIRE,1.473,1.62,1.47,1.62,429808.0
2023-11-29 08:00:00,FIRE,1.618,1.69,1.605,1.68,214085.0
2023-11-30 08:00:00,FIRE,1.685,1.768,1.64,1.685,79554.0
2023-12-03 08:00:00,FIRE,1.685,1.72,1.6,1.6,99110.0
2023-12-04 08:00:00,FIRE,1.651,1.68,1.604,1.67,92509.0
2023-12-05 08:00:00,FIRE,1.655,1.7,1.612,1.677,116667.0
2023-12-06 08:00:00,FIRE,1.677,1.699,1.616,1.68,122356.0
2023-12-07 08:00:00,FIRE,1.675,1.696,1.61,1.675,77795.0
2023-12-10 08:00:00,FIRE,1.675,1.72,1.643,1.643,256199.0
2023-12-11 08:00:00,FIRE,1.685,1.685,1.615,1.685,73513.0
2023-12-12 08:00:00,FIRE,1.685,1.687,1.604,1.64,198217.0
2023-12-13 08:00:00,FIRE,1.621,1.674,1.621,1.638,165453.0
2023-12-14 08:00:00,FIRE,1.628,1.66,1.61,1.62,51588.0
2023-12-17 08:00:00,FIRE,1.628,1.628,1.61,1.61,80803.0
2023-12-18 08:00:00,FIRE,1.628,1.699,1.601,1.65,494215.0
2023-12-19 08:00:00,FIRE,1.653,1.669,1.6,1.61,373583.0
2023-12-20 08:00:00,FIRE,1.603,1.65,1.603,1.615,139616.0
2023-12-21 08:00:00,FIRE,1.622,1.784,1.62,1.784,1698319.0
2023-12-24 08:00:00,FIRE,1.721,1.893,1.65,1.782,835785.0
2023-12-25 08:00:00,FIRE,1.782,1.899,1.69,1.715,327390.0
2023-12-26 08:00:00,FIRE,1.715,1.75,1.7,1.707,55899.0
2023-12-27 08:00:00,FIRE,1.715,1.749,1.66,1.709,89620.0
2023-12-28 08:00:00,FIRE,1.709,1.709,1.65,1.704,31287.0
2023-12-31 08:00:00,FIRE,1.709,1.76,1.655,1.671,157428.0
2024-01-02 08:00:00,FIRE,1.671,1.772,1.671,1.75,251992.0
2024-01-03 08:00:00,FIRE,1.714,1.759,1.674,1.714,24646.0
2024-01-04 08:00:00,FIRE,1.714,1.799,1.69,1.72,105434.0
2024-01-08 08:00:00,FIRE,1.712,1.769,1.661,1.73,52031.0
2024-01-09 08:00:00,FIRE,1.712,1.76,1.705,1.705,195982.0
2024-01-10 08:00:00,FIRE,1.715,1.74,1.627,1.7,456645.0
2024-01-11 08:00:00,FIRE,1.705,1.71,1.661,1.695,65601.0
2024-01-14 08:00:00,FIRE,1.705,1.725,1.675,1.681,66829.0
2024-01-15 08:00:00,FIRE,1.705,1.72,1.681,1.69,72275.0
2024-01-16 08:00:00,FIRE,1.705,1.71,1.677,1.681,133572.0
2024-01-17 08:00:00,FIRE,1.681,1.699,1.65,1.65,142909.0
2024-01-18 08:00:00,FIRE,1.674,1.698,1.62,1.67,148251.0
2024-01-21 08:00:00,FIRE,1.635,1.798,1.635,1.798,605270.0
2024-01-22 08:00:00,FIRE,1.798,1.83,1.72,1.751,587570.0
2024-01-23 08:00:00,FIRE,1.751,1.89,1.712,1.89,534600.0
2024-01-24 08:00:00,FIRE,1.843,2.027,1.843,2.027,1625853.0
2024-01-28 08:00:00,FIRE,2.03,2.23,1.96,2.23,654242.0
2024-01-29 08:00:00,FIRE,2.23,2.4,2.06,2.28,636824.0
2024-01-30 08:00:00,FIRE,2.28,2.3,2.11,2.26,140712.0
2024-01-31 08:00:00,FIRE,2.26,2.26,2.06,2.06,172955.0
2024-02-01 08:00:00,FIRE,2.06,2.23,1.86,2.18,242404.0
2024-02-04 08:00:00,FIRE,2.02,2.22,2.02,2.22,174462.0
2024-02-05 08:00:00,FIRE,2.2,2.33,2.12,2.33,574381.0
2024-02-06 08:00:00,FIRE,2.26,2.44,2.16,2.42,753158.0
2024-02-07 08:00:00,FIRE,2.41,2.57,2.26,2.52,435793.0
2024-02-08 08:00:00,FIRE,2.52,2.76,2.52,2.7,457015.0
2024-02-11 08:00:00,FIRE,2.68,2.9,2.65,2.8,188529.0
2024-02-12 08:00:00,FIRE,2.8,2.91,2.52,2.84,585714.0
2024-02-13 08:00:00,FIRE,2.82,2.99,2.61,2.85,490445.0
2024-02-14 08:00:00,FIRE,2.82,3.0,2.79,2.94,486518.0
2024-02-15 08:00:00,FIRE,2.94,3.0,2.87,2.97,255135.0
2024-02-18 08:00:00,FIRE,2.88,3.08,2.82,3.03,449832.0
2024-02-19 08:00:00,FIRE,3.02,3.07,2.81,2.87,99252.0
2024-02-20 08:00:00,FIRE,2.87,2.99,2.75,2.81,299960.0
2024-02-21 08:00:00,FIRE,2.81,3.0,2.58,2.8,151126.0
2024-02-22 08:00:00,FIRE,2.73,2.8,2.46,2.46,345422.0
2024-02-25 08:00:00,FIRE,2.47,2.69,2.23,2.54,324139.0
2024-02-26 08:00:00,FIRE,2.27,2.49,2.11,2.49,234496.0
2024-02-27 08:00:00,FIRE,2.49,2.73,2.43,2.71,701376.0
2024-02-28 08:00:00,FIRE,2.71,2.9,2.6,2.88,228331.0
2024-02-29 08:00:00,FIRE,2.88,3.0,2.66,2.96,164234.0
2024-03-03 08:00:00,FIRE,2.96,3.0,2.77,2.94,120736.0
2024-03-04 08:00:00,FIRE,2.81,2.94,2.7,2.85,3006.0
2024-03-05 08:00:00,FIRE,2.81,3.09,2.72,3.08,422572.0
2024-03-06 08:00:00,FIRE,3.08,3.34,2.91,3.14,67529.0
2024-03-07 08:00:00,FIRE,3.03,3.18,2.78,3.02,14394.0
2024-03-10 08:00:00,FIRE,3.03,3.24,2.73,3.24,136905.0
2024-03-11 08:00:00,FIRE,3.24,3.24,2.92,3.24,24213.0
2024-03-12 08:00:00,FIRE,3.24,3.24,2.92,3.24,9721.0
2024-03-13 08:00:00,FIRE,3.24,3.28,2.92,3.21,77549.0
2024-03-14 08:00:00,FIRE,3.21,3.21,2.89,3.21,38803.0
2024-03-17 08:00:00,FIRE,3.21,3.21,2.89,3.21,36294.0
2024-03-18 08:00:00,FIRE,3.21,3.21,2.89,2.93,72657.0
2024-03-19 08:00:00,FIRE,2.89,2.89,2.89,2.89,500.0
2024-03-20 08:00:00,FIRE,2.89,3.08,2.61,2.89,5351.0
2024-03-21 08:00:00,FIRE,2.89,2.97,2.61,2.89,29331.0
2024-03-24 08:00:00,FIRE,2.89,2.89,2.61,2.89,29048.0
2024-03-25 08:00:00,FIRE,2.89,2.89,2.61,2.89,28189.0
2024-03-26 08:00:00,FIRE,2.89,2.89,2.61,2.89,29889.0
2024-03-27 08:00:00,FIRE,2.89,2.89,2.61,2.61,2009.0
2024-03-28 08:00:00,FIRE,2.89,2.89,2.61,2.89,5264.0
2024-03-31 08:00:00,FIRE,2.89,2.89,2.61,2.89,1822.0
2024-04-01 08:00:00,FIRE,2.89,2.89,2.61,2.61,676.0
2024-04-02 08:00:00,FIRE,2.89,2.89,2.61,2.61,33798.0
2024-04-03 08:00:00,FIRE,2.89,2.89,2.61,2.61,28177.0
2024-04-04 08:00:00,FIRE,2.89,2.89,2.61,2.61,4702.0
2024-04-08 08:00:00,FIRE,2.89,2.89,2.61,2.61,6479.0
2024-04-15 08:00:00,FIRE,2.89,2.89,2.61,2.61,18897.0
2024-04-16 08:00:00,FIRE,2.89,2.89,2.61,2.61,132284.0
2024-04-17 08:00:00,FIRE,2.61,2.69,2.35,2.61,58558.0
2024-04-18 08:00:00,FIRE,2.61,2.61,2.35,2.35,45317.0
2024-04-21 08:00:00,FIRE,2.61,2.61,2.35,2.61,15986.0
2024-04-22 08:00:00,FIRE,2.61,2.61,2.35,2.35,15582.0
2024-04-23 08:00:00,FIRE,2.61,2.61,2.35,2.35,461.0
2024-04-24 08:00:00,FIRE,2.61,2.61,2.35,2.61,1550.0
2024-04-28 07:00:00,FIRE,2.61,2.61,2.35,2.61,51.0
2024-04-29 07:00:00,FIRE,2.61,2.61,2.35,2.35,1748.0
2024-04-30 07:00:00,FIRE,2.61,2.61,2.61,2.61,50.0
2024-05-02 07:00:00,FIRE,2.61,2.61,2.35,2.61,4245.0
2024-05-07 07:00:00,FIRE,2.61,2.61,2.35,2.35,500.0
2024-05-08 07:00:00,FIRE,2.61,2.61,2.35,2.35,1532.0
2024-05-09 07:00:00,FIRE,2.61,2.61,2.35,2.35,20257.0
2024-05-12 07:00:00,FIRE,2.61,2.61,2.35,2.35,600.0
2024-05-15 07:00:00,FIRE,2.61,2.61,2.35,2.35,15.0
2024-05-19 07:00:00,FIRE,2.61,2.61,2.35,2.35,105.0
2024-05-20 07:00:00,FIRE,2.61,2.61,2.35,2.35,606.0
2024-05-21 07:00:00,FIRE,2.61,2.61,2.35,2.35,124.0
2024-05-22 07:00:00,FIRE,2.61,2.61,2.35,2.35,1000.0
2024-05-23 07:00:00,FIRE,2.61,2.61,2.35,2.35,697.0
2024-05-26 07:00:00,FIRE,2.61,2.61,2.35,2.35,2717.0
2024-05-27 07:00:00,FIRE,2.61,2.61,2.35,2.35,100.0
2024-05-28 07:00:00,FIRE,2.61,2.61,2.35,2.35,100.0
2024-05-29 07:00:00,FIRE,2.61,2.61,2.35,2.35,100.0
2024-05-30 07:00:00,FIRE,2.61,2.61,2.35,2.35,1000.0
2024-06-02 07:00:00,FIRE,2.61,2.61,2.35,2.35,140.0
2024-06-03 07:00:00,FIRE,2.61,2.61,2.35,2.35,88.0
2024-06-05 07:00:00,FIRE,2.61,2.61,2.35,2.35,652.0
2024-06-11 07:00:00,FIRE,2.61,2.61,2.35,2.35,318022.0
2024-06-23 07:00:00,FIRE,2.35,2.35,2.12,2.12,4632.0
2024-06-24 07:00:00,FIRE,2.35,2.35,2.12,2.12,10.0
2024-07-02 07:00:00,FIRE,2.35,2.35,2.12,2.12,33.0
2024-07-04 07:00:00,FIRE,2.35,2.35,2.12,2.35,482.0
2024-07-07 07:00:00,FIRE,2.35,2.35,2.12,2.12,1151.0
2024-07-09 07:00:00,FIRE,2.35,2.35,2.12,2.12,55800.0
2024-07-10 07:00:00,FIRE,2.35,2.35,2.12,2.12,25744.0
2024-07-14 07:00:00,FIRE,2.35,2.35,2.12,2.12,82964.0
2024-07-15 07:00:00,FIRE,2.12,2.12,1.91,1.91,37950.0
2024-07-16 07:00:00,FIRE,2.12,2.12,1.91,1.92,18787.0
2024-07-17 07:00:00,FIRE,2.12,2.12,1.91,1.92,22111.0
2024-07-18 07:00:00,FIRE,2.12,2.12,1.91,1.91,95415.0
2024-07-21 07:00:00,FIRE,1.91,2.0,1.719,2.0,40045.0
2024-07-22 07:00:00,FIRE,1.91,2.101,1.801,2.101,172484.0
2024-07-23 07:00:00,FIRE,2.098,2.307,2.022,2.305,156518.0
2024-07-24 07:00:00,FIRE,2.305,2.534,2.101,2.17,126203.0
2024-07-28 07:00:00,FIRE,2.23,2.3,2.08,2.29,30172.0
2024-07-29 07:00:00,FIRE,2.23,2.42,2.08,2.18,251624.0
2024-07-30 07:00:00,FIRE,2.16,2.25,2.08,2.08,5597.0
2024-07-31 07:00:00,FIRE,2.16,2.22,2.09,2.12,44443.0
2024-08-01 07:00:00,FIRE,2.16,2.21,2.08,2.1,39505.0
2024-08-04 07:00:00,FIRE,2.16,2.35,2.11,2.29,115493.0
2024-08-05 07:00:00,FIRE,2.29,2.51,2.22,2.51,400074.0
2024-08-06 07:00:00,FIRE,2.51,2.76,2.36,2.58,433723.0
2024-08-07 07:00:00,FIRE,2.58,2.6,2.33,2.33,334726.0
2024-08-08 07:00:00,FIRE,2.33,2.39,2.11,2.16,137607.0
2024-08-11 07:00:00,FIRE,2.17,2.35,2.01,2.24,312464.0
2024-08-12 07:00:00,FIRE,2.16,2.24,2.03,2.1,219135.0
2024-08-13 07:00:00,FIRE,2.06,2.17,2.01,2.11,28261.0
2024-08-14 07:00:00,FIRE,2.06,2.09,2.01,2.02,7303.0
2024-08-15 07:00:00,FIRE,2.06,2.15,1.86,2.08,173642.0
2024-08-18 07:00:00,FIRE,2.08,2.14,1.95,2.08,47151.0
2024-08-19 07:00:00,FIRE,2.08,2.08,1.98,1.98,55336.0
2024-08-20 07:00:00,FIRE,2.08,2.23,1.98,2.08,395751.0
2024-08-21 07:00:00,FIRE,2.01,2.02,1.9,1.9,500386.0
2024-08-22 07:00:00,FIRE,1.9,1.98,1.83,1.97,126095.0
2024-08-25 07:00:00,FIRE,1.92,1.97,1.86,1.92,28256.0
2024-08-26 07:00:00,FIRE,1.92,1.92,1.8,1.85,141369.0
2024-08-27 07:00:00,FIRE,1.83,1.9,1.83,1.88,21230.0
2024-08-28 07:00:00,FIRE,1.83,1.87,1.72,1.83,43599.0
2024-08-29 07:00:00,FIRE,1.83,1.89,1.83,1.88,34115.0
2024-09-01 07:00:00,FIRE,1.83,1.97,1.83,1.95,160794.0
2024-09-02 07:00:00,FIRE,1.91,2.01,1.89,1.97,328187.0
2024-09-03 07:00:00,FIRE,1.9,2.01,1.85,2.01,82108.0
2024-09-04 07:00:00,FIRE,1.97,2.0,1.85,1.9,80826.0
2024-09-05 07:00:00,FIRE,1.89,1.95,1.84,1.91,36160.0
2024-09-08 07:00:00,FIRE,1.89,1.93,1.78,1.84,74384.0
2024-09-09 07:00:00,FIRE,1.89,1.92,1.79,1.9,103947.0
2024-09-10 07:00:00,FIRE,1.83,1.9,1.76,1.81,58352.0
2024-09-11 07:00:00,FIRE,1.83,1.9,1.8,1.9,60892.0
2024-09-12 07:00:00,FIRE,1.83,1.9,1.8,1.88,102636.0
2024-09-16 07:00:00,FIRE,1.84,1.9,1.84,1.9,84016.0
2024-09-17 07:00:00,FIRE,1.89,1.9,1.88,1.88,9957.0
2024-09-18 07:00:00,FIRE,1.89,1.89,1.81,1.82,32902.0
2024-09-19 07:00:00,FIRE,1.89,1.89,1.83,1.84,5720.0
2024-09-22 07:00:00,FIRE,1.89,1.89,1.77,1.77,82627.0
2024-09-23 07:00:00,FIRE,1.89,1.89,1.8,1.8,99189.0
2024-09-24 07:00:00,FIRE,1.84,1.89,1.8,1.82,46577.0
2024-09-25 07:00:00,FIRE,1.84,1.88,1.77,1.85,242545.0
2024-09-26 07:00:00,FIRE,1.78,1.86,1.78,1.85,49303.0
2024-09-29 07:00:00,FIRE,1.78,1.85,1.78,1.85,90553.0
2024-09-30 07:00:00,FIRE,1.84,1.85,1.83,1.84,52423.0
2024-10-01 07:00:00,FIRE,1.84,1.85,1.78,1.8,186827.0
2024-10-02 07:00:00,FIRE,1.81,1.84,1.79,1.81,44604.0
2024-10-03 07:00:00,FIRE,1.81,1.99,1.79,1.99,422209.0
2024-10-07 07:00:00,FIRE,1.99,2.18,1.99,1.99,370083.0
2024-10-08 07:00:00,FIRE,2.02,2.04,1.85,2.02,64517.0
2024-10-09 07:00:00,FIRE,2.02,2.02,1.85,1.98,68387.0
2024-10-10 07:00:00,FIRE,2.02,2.02,1.82,1.82,113839.0
2024-10-13 07:00:00,FIRE,1.82,1.95,1.82,1.84,25914.0
2024-10-14 07:00:00,FIRE,1.82,1.9,1.82,1.9,7238.0
2024-10-15 07:00:00,FIRE,1.82,1.89,1.82,1.85,15237.0
2024-10-16 07:00:00,FIRE,1.82,1.89,1.82,1.84,23288.0
2024-10-17 07:00:00,FIRE,1.82,1.98,1.82,1.84,17544.0
2024-10-20 07:00:00,FIRE,1.82,1.91,1.82,1.84,5727.0
2024-10-21 07:00:00,FIRE,1.82,1.88,1.82,1.88,36460.0
2024-10-22 07:00:00,FIRE,1.82,1.89,1.82,1.83,32154.0
2024-10-23 07:00:00,FIRE,1.82,1.99,1.82,1.96,83388.0
2024-10-24 07:00:00,FIRE,1.93,1.96,1.87,1.92,9814.0
2024-10-27 07:00:00,FIRE,1.93,1.94,1.92,1.93,6078.0
2024-10-28 07:00:00,FIRE,1.93,1.93,1.88,1.89,14113.0
2024-10-29 07:00:00,FIRE,1.93,1.93,1.89,1.9,19276.0
2024-10-30 07:00:00,FIRE,1.93,1.93,1.89,1.9,41756.0
2024-10-31 07:00:00,FIRE,1.93,1.93,1.87,1.92,6650.0
2024-11-03 08:00:00,FIRE,1.93,1.93,1.8,1.8,275317.0
2024-11-04 08:00:00,FIRE,1.82,1.92,1.82,1.91,19413.0
2024-11-05 08:00:00,FIRE,1.82,1.89,1.75,1.86,113119.0
2024-11-06 08:00:00,FIRE,1.82,1.86,1.82,1.83,19368.0
2024-11-07 08:00:00,FIRE,1.82,1.85,1.82,1.85,35486.0
2024-11-10 08:00:00,FIRE,1.82,2.0,1.82,2.0,691525.0
2024-11-11 08:00:00,FIRE,2.0,2.2,1.9,2.14,333218.0
2024-11-12 08:00:00,FIRE,2.06,2.07,1.91,2.0,119158.0
2024-11-13 08:00:00,FIRE,1.98,2.06,1.91,1.95,123706.0
2024-11-14 08:00:00,FIRE,1.94,1.99,1.75,1.96,43174.0
2024-11-17 08:00:00,FIRE,1.94,1.99,1.9,1.91,45438.0
2024-11-18 08:00:00,FIRE,1.94,1.98,1.86,1.97,93439.0
2024-11-19 08:00:00,FIRE,1.91,1.99,1.87,1.87,136513.0
2024-11-20 08:00:00,FIRE,1.87,2.0,1.85,1.86,253948.0
2024-11-21 08:00:00,FIRE,1.86,1.95,1.86,1.9,35451.0
2024-11-24 08:00:00,FIRE,1.86,2.04,1.85,2.04,633001.0
2024-11-25 08:00:00,FIRE,2.04,2.24,1.95,2.24,1163826.0
2024-11-26 08:00:00,FIRE,2.24,2.46,2.17,2.35,594617.0
2024-11-27 08:00:00,FIRE,2.35,2.35,2.12,2.18,890365.0
2024-11-28 08:00:00,FIRE,2.23,2.23,2.01,2.09,686974.0
2024-12-01 08:00:00,FIRE,2.09,2.2,1.98,2.03,324954.0
2024-12-02 08:00:00,FIRE,2.03,2.09,1.96,1.97,530646.0
2024-12-03 08:00:00,FIRE,1.98,2.15,1.95,2.14,419094.0
2024-12-04 08:00:00,FIRE,2.11,2.14,1.98,1.99,80711.0
2024-12-05 08:00:00,FIRE,2.01,2.09,1.97,2.05,169705.0
2024-12-08 08:00:00,FIRE,1.98,2.09,1.97,2.04,41933.0
2024-12-09 08:00:00,FIRE,1.98,2.05,1.9,2.0,236873.0
2024-12-10 08:00:00,FIRE,1.98,1.99,1.86,1.9,126905.0
2024-12-11 08:00:00,FIRE,1.9,2.01,1.9,1.99,299548.0
2024-12-12 08:00:00,FIRE,1.94,2.0,1.92,1.93,112290.0
2024-12-15 08:00:00,FIRE,1.93,2.0,1.85,1.9,245803.0
2024-12-16 08:00:00,FIRE,1.88,2.0,1.88,2.0,217307.0
2024-12-17 08:00:00,FIRE,1.99,2.18,1.96,2.18,998604.0
2024-12-18 08:00:00,FIRE,2.18,2.39,2.18,2.39,1512289.0
2024-12-19 08:00:00,FIRE,2.39,2.62,2.23,2.57,1687971.0
2024-12-22 08:00:00,FIRE,2.57,2.69,2.45,2.6,765454.0
2024-12-23 08:00:00,FIRE,2.6,2.67,2.34,2.34,1464887.0
2024-12-24 08:00:00,FIRE,2.34,2.54,2.19,2.48,839037.0
2024-12-25 08:00:00,FIRE,2.48,2.63,2.24,2.4,875724.0
2024-12-26 08:00:00,FIRE,2.4,2.48,2.25,2.45,660066.0
2024-12-29 08:00:00,FIRE,2.38,2.53,2.27,2.33,400698.0
2024-12-30 08:00:00,FIRE,2.33,2.33,2.15,2.18,183925.0
2024-12-31 08:00:00,FIRE,2.2,2.27,2.1,2.2,257426.0
2025-01-02 08:00:00,FIRE,2.13,2.27,2.03,2.25,275638.0
2025-01-05 08:00:00,FIRE,2.23,2.4,2.22,2.28,346605.0
2025-01-06 08:00:00,FIRE,2.3,2.33,2.21,2.22,337468.0
2025-01-08 08:00:00,FIRE,2.26,2.3,2.18,2.21,228727.0
2025-01-09 08:00:00,FIRE,2.21,2.39,2.16,2.29,327405.0
2025-01-12 08:00:00,FIRE,2.29,2.48,2.2,2.42,591035.0
2025-01-13 08:00:00,FIRE,2.42,2.49,2.25,2.31,180064.0
2025-01-14 08:00:00,FIRE,2.3,2.34,2.08,2.25,494216.0
2025-01-15 08:00:00,FIRE,2.21,2.26,2.0,2.2,179419.0
2025-01-16 08:00:00,FIRE,2.15,2.36,2.15,2.26,1227120.0
2025-01-19 08:00:00,FIRE,2.16,2.29,2.12,2.23,360944.0
2025-01-20 08:00:00,FIRE,2.15,2.22,2.09,2.18,740382.0
2025-01-21 08:00:00,FIRE,2.09,2.2,2.09,2.19,275836.0
2025-01-22 08:00:00,FIRE,2.16,2.18,2.09,2.12,355249.0
2025-01-23 08:00:00,FIRE,2.1,2.15,2.04,2.15,301063.0
2025-01-26 08:00:00,FIRE,2.09,2.15,2.07,2.08,116608.0
2025-01-27 08:00:00,FIRE,2.09,2.14,2.06,2.07,235047.0
2025-01-28 08:00:00,FIRE,2.1,2.11,2.05,2.11,132699.0
2025-01-29 08:00:00,FIRE,2.1,2.14,2.07,2.14,107224.0
2025-01-30 08:00:00,FIRE,2.08,2.15,2.08,2.08,276085.0
2025-02-02 08:00:00,FIRE,2.08,2.12,2.06,2.06,141333.0
2025-02-03 08:00:00,FIRE,2.09,2.1,2.02,2.06,186476.0
2025-02-04 08:00:00,FIRE,2.04,2.07,1.99,2.02,341302.0
2025-02-05 08:00:00,FIRE,2.0,2.06,2.0,2.02,53904.0
2025-02-06 08:00:00,FIRE,2.0,2.05,1.99,2.04,159310.0
2025-02-09 08:00:00,FIRE,2.01,2.05,2.0,2.05,185743.0
2025-02-10 08:00:00,FIRE,2.02,2.18,2.02,2.12,612901.0
2025-02-11 08:00:00,FIRE,2.1,2.12,1.98,2.08,375610.0
2025-02-12 08:00:00,FIRE,2.0,2.08,1.95,2.05,345657.0
2025-02-13 08:00:00,FIRE,2.05,2.06,2.01,2.06,78203.0
2025-02-16 08:00:00,FIRE,2.04,2.06,2.04,2.04,37492.0
2025-02-17 08:00:00,FIRE,2.04,2.07,2.0,2.04,128033.0
2025-02-18 08:00:00,FIRE,2.02,2.04,1.95,1.99,210087.0
2025-02-19 08:00:00,FIRE,1.96,2.05,1.96,2.01,38322.0
2025-02-20 08:00:00,FIRE,1.96,2.04,1.95,1.97,152557.0
2025-02-23 08:00:00,FIRE,1.96,2.04,1.96,2.03,137385.0
2025-02-24 08:00:00,FIRE,2.02,2.1,2.02,2.06,203217.0
2025-02-25 08:00:00,FIRE,2.08,2.1,2.0,2.04,186188.0
2025-02-26 08:00:00,FIRE,2.01,2.04,1.99,2.01,69997.0
2025-02-27 08:00:00,FIRE,2.01,2.05,1.99,2.03,67537.0
2025-03-02 08:00:00,FIRE,2.01,2.02,1.99,1.99,35856.0
2025-03-03 08:00:00,FIRE,2.01,2.02,1.95,1.95,96645.0
2025-03-04 08:00:00,FIRE,1.98,2.0,1.95,1.96,122177.0
2025-03-05 08:00:00,FIRE,1.96,2.0,1.96,1.96,25578.0
2025-03-06 08:00:00,FIRE,1.96,1.98,1.95,1.96,84661.0
2025-03-09 08:00:00,FIRE,1.96,1.97,1.77,1.91,134158.0
2025-03-10 08:00:00,FIRE,1.88,1.96,1.88,1.93,53662.0
2025-03-11 08:00:00,FIRE,1.88,1.97,1.88,1.97,97692.0
2025-03-12 08:00:00,FIRE,1.96,1.99,1.95,1.95,51991.0
2025-03-13 08:00:00,FIRE,1.96,1.99,1.92,1.96,66340.0
2025-03-16 08:00:00,FIRE,1.96,1.99,1.95,1.97,63316.0
2025-03-17 08:00:00,FIRE,1.96,1.99,1.95,1.96,31867.0
2025-03-18 08:00:00,FIRE,1.96,2.0,1.94,1.97,196549.0
2025-03-19 08:00:00,FIRE,1.97,2.0,1.95,1.99,76317.0
2025-03-20 08:00:00,FIRE,1.97,2.05,1.96,2.0,57221.0
2025-03-23 08:00:00,FIRE,1.97,2.03,1.97,2.03,39078.0
2025-03-24 08:00:00,FIRE,1.97,2.09,1.97,2.09,236458.0
2025-03-25 08:00:00,FIRE,2.08,2.16,2.08,2.15,549828.0
2025-03-26 08:00:00,FIRE,2.15,2.17,2.1,2.15,162550.0
2025-03-27 08:00:00,FIRE,2.15,2.15,2.01,2.1,291189.0
2025-04-03 08:00:00,FIRE,2.04,2.06,2.0,2.05,233713.0
2025-04-06 08:00:00,FIRE,2.01,2.01,1.86,1.94,235572.0
2025-04-07 08:00:00,FIRE,1.97,2.05,1.93,2.0,83685.0
2025-04-08 08:00:00,FIRE,2.0,2.04,1.97,1.97,18710.0
2025-04-09 08:00:00,FIRE,2.0,2.01,1.9,1.9,331976.0
2025-04-10 08:00:00,FIRE,1.94,1.99,1.92,1.93,101401.0
2025-04-13 08:00:00,FIRE,1.95,1.98,1.94,1.97,38735.0
2025-04-14 08:00:00,FIRE,1.95,2.07,1.95,2.0,216035.0
2025-04-15 08:00:00,FIRE,2.0,2.2,2.0,2.19,952233.0
2025-04-16 08:00:00,FIRE,2.19,2.2,2.06,2.1,127639.0
2025-04-17 08:00:00,FIRE,2.1,2.14,2.1,2.1,111378.0
2025-04-22 08:00:00,FIRE,2.1,2.16,2.09,2.14,108104.0
2025-04-23 08:00:00,FIRE,2.1,2.14,2.1,2.14,21706.0
2025-04-27 07:00:00,FIRE,2.1,2.19,2.01,2.08,245648.0
2025-04-28 07:00:00,FIRE,2.09,2.15,2.09,2.1,36623.0
2025-04-29 07:00:00,FIRE,2.09,2.14,2.09,2.11,308023.0
2025-04-30 07:00:00,FIRE,2.1,2.14,2.05,2.14,157981.0
2025-05-04 07:00:00,FIRE,2.1,2.31,2.1,2.21,549061.0
2025-05-05 07:00:00,FIRE,2.22,2.3,2.15,2.18,38084.0
2025-05-06 07:00:00,FIRE,2.22,2.24,2.1,2.1,224933.0
2025-05-07 07:00:00,FIRE,2.11,2.24,2.11,2.17,162884.0
2025-05-08 07:00:00,FIRE,2.18,2.28,2.14,2.21,140105.0
2025-05-11 07:00:00,FIRE,2.27,2.27,2.19,2.24,87361.0
2025-05-12 07:00:00,FIRE,2.24,2.31,2.17,2.31,285203.0
2025-05-13 07:00:00,FIRE,2.29,2.51,2.29,2.51,2065262.0
2025-05-14 07:00:00,FIRE,2.51,2.76,2.51,2.57,1136648.0
2025-05-15 07:00:00,FIRE,2.57,2.57,2.36,2.49,341837.0
2025-05-18 07:00:00,FIRE,2.46,2.5,2.25,2.39,428413.0
2025-05-19 07:00:00,FIRE,2.33,2.53,2.23,2.44,622052.0
2025-05-20 07:00:00,FIRE,2.42,2.43,2.18,2.23,212427.0
2025-05-21 07:00:00,FIRE,2.2,2.31,2.2,2.3,60411.0
2025-05-22 07:00:00,FIRE,2.2,2.3,2.19,2.26,131576.0
2025-05-25 07:00:00,FIRE,2.23,2.39,2.21,2.27,100399.0
2025-05-26 07:00:00,FIRE,2.3,2.35,2.22,2.22,244930.0
2025-05-27 07:00:00,FIRE,2.24,2.29,2.13,2.23,206999.0
2025-05-28 07:00:00,FIRE,2.19,2.27,2.18,2.21,54495.0
2025-05-29 07:00:00,FIRE,2.19,2.27,2.19,2.23,142241.0
2025-06-01 07:00:00,FIRE,2.23,2.24,2.15,2.15,67722.0
2025-06-02 07:00:00,FIRE,2.23,2.23,2.1,2.12,329985.0
2025-06-03 07:00:00,FIRE,2.11,2.32,2.11,2.28,168481.0
2025-06-04 07:00:00,FIRE,2.3,2.3,2.2,2.27,66582.0
2025-06-10 07:00:00,FIRE,2.3,2.3,2.16,2.27,155609.0
2025-06-11 07:00:00,FIRE,2.21,2.39,2.21,2.36,328750.0
2025-06-12 07:00:00,FIRE,2.35,2.35,2.22,2.24,84253.0
2025-06-15 07:00:00,FIRE,2.25,2.25,2.03,2.1,185171.0
2025-06-16 07:00:00,FIRE,2.06,2.2,2.06,2.17,106009.0
2025-06-17 07:00:00,FIRE,2.14,2.17,2.03,2.13,272667.0
2025-06-18 07:00:00,FIRE,2.05,2.09,1.97,2.0,195118.0
2025-06-19 07:00:00,FIRE,2.01,2.07,1.97,2.03,98351.0
2025-06-22 07:00:00,FIRE,2.01,2.05,1.93,2.05,64704.0
2025-06-23 07:00:00,FIRE,2.01,2.14,1.97,1.97,107003.0
2025-06-24 07:00:00,FIRE,2.02,2.08,2.02,2.02,29443.0
2025-06-25 07:00:00,FIRE,2.02,2.09,2.02,2.08,142153.0
2025-06-29 07:00:00,FIRE,2.08,2.1,2.05,2.09,88233.0
2025-06-30 07:00:00,FIRE,2.07,2.13,2.07,2.11,179387.0
2025-07-01 07:00:00,FIRE,2.11,2.14,2.11,2.13,46441.0
2025-07-02 07:00:00,FIRE,2.11,2.19,2.08,2.18,207544.0
2025-07-06 07:00:00,FIRE,2.16,2.2,2.13,2.2,55651.0
2025-07-07 07:00:00,FIRE,2.16,2.2,2.1,2.1,147552.0
2025-07-09 07:00:00,FIRE,2.11,2.17,2.09,2.15,37626.0
2025-07-10 07:00:00,FIRE,2.11,2.15,2.09,2.13,48828.0
2025-07-13 07:00:00,FIRE,2.11,2.13,2.09,2.11,68631.0
2025-07-14 07:00:00,FIRE,2.11,2.25,2.11,2.2,165383.0
2025-07-15 07:00:00,FIRE,2.15,2.24,2.13,2.14,159751.0
2025-07-16 07:00:00,FIRE,2.14,2.35,2.14,2.35,384733.0
2025-07-17 07:00:00,FIRE,2.35,2.58,2.27,2.36,689099.0
2025-07-20 07:00:00,FIRE,2.37,2.5,2.3,2.42,417925.0
2025-07-21 07:00:00,FIRE,2.36,2.45,2.3,2.38,268465.0
2025-07-22 07:00:00,FIRE,2.35,2.37,2.3,2.31,269220.0
2025-07-23 07:00:00,FIRE,2.31,2.38,2.26,2.35,226064.0
2025-07-27 07:00:00,FIRE,2.35,2.49,2.32,2.43,127998.0
2025-07-28 07:00:00,FIRE,2.41,2.54,2.38,2.49,276243.0
2025-07-29 07:00:00,FIRE,2.48,2.49,2.4,2.47,10657.0
2025-07-30 07:00:00,FIRE,2.48,2.48,2.31,2.34,53908.0
2025-07-31 07:00:00,FIRE,2.48,2.48,2.36,2.41,77799.0
2025-08-03 07:00:00,FIRE,2.4,2.47,2.4,2.4,86691.0
2025-08-04 07:00:00,FIRE,2.42,2.66,2.35,2.66,640294.0
2025-08-05 07:00:00,FIRE,2.66,2.8,2.53,2.67,77187.0
2025-08-06 07:00:00,FIRE,2.67,2.7,2.42,2.62,117818.0
2025-08-07 07:00:00,FIRE,2.67,2.67,2.47,2.6,155481.0
2025-08-10 07:00:00,FIRE,2.58,2.61,2.46,2.57,31558.0
2025-08-11 07:00:00,FIRE,2.58,2.75,2.53,2.71,203734.0
2025-08-12 07:00:00,FIRE,2.71,2.98,2.63,2.98,1181490.0
2025-08-13 07:00:00,FIRE,2.98,3.21,2.98,3.05,587301.0
2025-08-14 07:00:00,FIRE,3.05,3.08,2.81,2.91,419850.0
2025-08-17 07:00:00,FIRE,2.94,3.08,2.75,2.83,379329.0
2025-08-18 07:00:00,FIRE,2.88,2.99,2.76,2.8,397154.0
2025-08-19 07:00:00,FIRE,2.78,2.87,2.76,2.77,451679.0
2025-08-20 07:00:00,FIRE,2.77,2.83,2.71,2.71,111166.0
2025-08-21 07:00:00,FIRE,2.74,2.77,2.71,2.73,103191.0
2025-08-24 07:00:00,FIRE,2.73,2.85,2.64,2.77,241025.0
2025-08-25 07:00:00,FIRE,2.76,2.92,2.7,2.78,297663.0
2025-08-26 07:00:00,FIRE,2.8,2.9,2.75,2.76,92905.0
2025-08-27 07:00:00,FIRE,2.77,2.85,2.72,2.8,239323.0
2025-08-28 07:00:00,FIRE,2.8,3.08,2.79,3.08,659945.0
2025-08-31 07:00:00,FIRE,3.08,3.37,3.0,3.1,309808.0
2025-09-01 07:00:00,FIRE,3.1,3.18,2.93,3.16,263531.0
2025-09-02 07:00:00,FIRE,3.07,3.17,2.95,2.96,223708.0
2025-09-03 07:00:00,FIRE,2.96,3.07,2.83,2.89,149568.0
2025-09-07 07:00:00,FIRE,2.89,3.17,2.89,3.17,735452.0
2025-09-08 07:00:00,FIRE,3.17,3.34,3.02,3.2,151464.0
2025-09-09 07:00:00,FIRE,3.17,3.2,3.0,3.1,279387.0
2025-09-10 07:00:00,FIRE,3.01,3.12,2.86,3.11,50756.0
2025-09-11 07:00:00,FIRE,3.01,3.17,2.89,2.96,140918.0
2025-09-14 07:00:00,FIRE,2.96,3.07,2.89,3.04,101713.0
2025-09-15 07:00:00,FIRE,3.04,3.09,2.91,3.05,229867.0
2025-09-16 07:00:00,FIRE,3.05,3.08,2.75,2.78,357992.0
2025-09-17 07:00:00,FIRE,2.8,2.94,2.75,2.9,123759.0
2025-09-18 07:00:00,FIRE,2.86,2.95,2.71,2.85,123300.0
2025-09-21 07:00:00,FIRE,2.78,2.92,2.74,2.82,83796.0
2025-09-22 07:00:00,FIRE,2.79,2.85,2.7,2.79,44639.0
2025-09-23 07:00:00,FIRE,2.79,2.84,2.72,2.75,59311.0
2025-09-24 07:00:00,FIRE,2.78,2.78,2.64,2.75,84003.0
2025-09-25 07:00:00,FIRE,2.69,2.79,2.62,2.74,165065.0
2025-09-28 07:00:00,FIRE,2.64,2.82,2.64,2.8,171824.0
2025-09-29 07:00:00,FIRE,2.76,2.8,2.68,2.7,61639.0
2025-09-30 07:00:00,FIRE,2.72,2.75,2.66,2.66,64303.0
2025-10-01 07:00:00,FIRE,2.7,2.95,2.6,2.82,185672.0
2025-10-02 07:00:00,FIRE,2.78,2.91,2.73,2.88,82535.0
2025-10-05 07:00:00,FIRE,2.88,2.89,2.6,2.81,202858.0
2025-10-06 07:00:00,FIRE,2.77,2.88,2.66,2.69,258329.0
2025-10-07 07:00:00,FIRE,2.66,2.78,2.66,2.74,26206.0
2025-10-08 07:00:00,FIRE,2.66,2.76,2.66,2.72,37896.0
2025-10-12 07:00:00,FIRE,2.66,2.75,2.66,2.74,64583.0
2025-10-13 07:00:00,FIRE,2.69,2.73,2.65,2.69,185604.0
2025-10-14 07:00:00,FIRE,2.67,2.88,2.67,2.69,292038.0
2025-10-15 07:00:00,FIRE,2.78,2.85,2.69,2.79,145943.0
2025-10-16 07:00:00,FIRE,2.71,2.82,2.66,2.7,243679.0
2025-10-19 07:00:00,FIRE,2.7,2.72,2.68,2.7,59397.0
2025-10-20 07:00:00,FIRE,2.7,2.75,2.67,2.69,25629.0
2025-10-21 07:00:00,FIRE,2.7,2.75,2.65,2.7,192228.0
2025-10-22 07:00:00,FIRE,2.69,2.74,2.62,2.63,91845.0
2025-10-28 07:00:00,FIRE,2.63,2.63,2.5,2.5,12851.0
2025-10-29 07:00:00,FIRE,2.63,2.63,2.5,2.5,17360.0
2025-10-30 07:00:00,FIRE,2.63,2.63,2.5,2.5,10460.0
2025-11-02 08:00:00,FIRE,2.63,2.63,2.5,2.5,45405.0
2025-11-03 08:00:00,FIRE,2.63,2.63,2.5,2.5,28484.0
2025-11-04 08:00:00,FIRE,2.63,2.63,2.5,2.5,8565.0
2025-11-05 08:00:00,FIRE,2.63,2.63,2.5,2.5,23961.0
2025-11-06 08:00:00,FIRE,2.63,2.63,2.5,2.5,41282.0
2025-11-09 08:00:00,FIRE,2.63,2.63,2.5,2.5,48215.0
2025-11-10 08:00:00,FIRE,2.63,2.63,2.5,2.5,13150.0
2025-11-11 08:00:00,FIRE,2.63,2.63,2.5,2.5,13259.0
2025-11-16 08:00:00,FIRE,2.63,2.63,2.5,2.5,3911.0
2025-11-17 08:00:00,FIRE,2.63,2.63,2.5,2.5,137145.0
2025-11-18 08:00:00,FIRE,2.5,2.5,2.38,2.38,9416.0
2025-11-19 08:00:00,FIRE,2.5,2.5,2.38,2.38,8133.0
2025-11-20 08:00:00,FIRE,2.5,2.5,2.38,2.38,13934.0
2025-11-24 08:00:00,FIRE,2.5,2.5,2.38,2.38,9839.0
2025-11-25 08:00:00,FIRE,2.5,2.5,2.38,2.38,36364.0
2025-11-26 08:00:00,FIRE,2.5,2.5,2.38,2.38,134022.0
2025-11-27 08:00:00,FIRE,2.38,2.38,2.27,2.27,183715.0
2025-11-30 08:00:00,FIRE,2.27,2.38,2.16,2.32,359107.0
2025-12-01 08:00:00,FIRE,2.32,2.34,2.21,2.21,110587.0
2025-12-02 08:00:00,FIRE,2.23,2.3,2.12,2.14,123497.0
2025-12-03 08:00:00,FIRE,2.16,2.21,2.08,2.15,330468.0
2025-12-04 08:00:00,FIRE,2.19,2.24,2.15,2.15,31380.0
2025-12-07 08:00:00,FIRE,2.19,2.23,2.09,2.23,223514.0
2025-12-08 08:00:00,FIRE,2.19,2.25,2.16,2.25,95525.0
2025-12-09 08:00:00,FIRE,2.21,2.23,2.15,2.18,45269.0
2025-12-10 08:00:00,FIRE,2.21,2.24,2.19,2.22,69637.0
2025-12-11 08:00:00,FIRE,2.22,2.22,2.15,2.2,72739.0
2025-12-14 08:00:00,FIRE,2.19,2.28,2.19,2.27,92731.0
2025-12-15 08:00:00,FIRE,2.27,2.38,2.23,2.38,233200.0
2025-12-16 08:00:00,FIRE,2.38,2.49,2.38,2.49,140083.0
2025-12-17 08:00:00,FIRE,2.48,2.56,2.38,2.39,186612.0
2025-12-18 08:00:00,FIRE,2.44,2.55,2.39,2.52,155917.0
2025-12-21 08:00:00,FIRE,2.51,2.52,2.42,2.51,59653.0
2025-12-22 08:00:00,FIRE,2.51,2.52,2.39,2.39,136146.0
2025-12-23 08:00:00,FIRE,2.39,2.48,2.28,2.41,168935.0
2025-12-24 08:00:00,FIRE,2.29,2.4,2.28,2.4,100443.0
2025-12-25 08:00:00,FIRE,2.32,2.4,2.29,2.38,7268.0
2025-12-28 08:00:00,FIRE,2.32,2.4,2.31,2.35,27251.0
2025-12-29 08:00:00,FIRE,2.32,2.39,2.32,2.32,22842.0
2025-12-30 08:00:00,FIRE,2.32,2.39,2.32,2.39,20937.0
2025-12-31 08:00:00,FIRE,2.32,2.38,2.3,2.3,100809.0
2026-01-04 08:00:00,FIRE,2.3,2.37,2.29,2.3,22333.0
2026-01-05 08:00:00,FIRE,2.3,2.36,2.2,2.24,73387.0
2026-01-06 08:00:00,FIRE,2.26,2.36,2.24,2.32,14284.0
2026-01-08 08:00:00,FIRE,2.26,2.34,2.24,2.25,16040.0
2026-01-11 08:00:00,FIRE,2.26,2.26,2.24,2.26,83400.0
2026-01-12 08:00:00,FIRE,2.26,2.37,2.24,2.35,158457.0
2026-01-13 08:00:00,FIRE,2.35,2.45,2.28,2.4,99544.0
2026-01-14 08:00:00,FIRE,2.4,2.43,2.28,2.28,81792.0
2026-01-15 08:00:00,FIRE,2.33,2.37,2.22,2.22,99294.0
2026-01-18 08:00:00,FIRE,2.23,2.34,2.22,2.33,108365.0
2026-01-19 08:00:00,FIRE,2.33,2.41,2.27,2.4,73634.0
2026-01-20 08:00:00,FIRE,2.41,2.41,2.29,2.29,514034.0
2026-01-21 08:00:00,FIRE,2.29,2.35,2.24,2.33,23105.0
2026-01-22 08:00:00,FIRE,2.29,2.36,2.26,2.33,70117.0
2026-01-26 08:00:00,FIRE,2.32,2.32,2.21,2.31,40926.0
2026-01-27 08:00:00,FIRE,2.32,2.32,2.21,2.22,95839.0
2026-01-28 08:00:00,FIRE,2.22,2.3,2.22,2.22,12158.0
2026-02-01 08:00:00,FIRE,2.22,2.25,2.14,2.25,10213.0
2026-02-02 08:00:00,FIRE,2.22,2.25,2.11,2.25,8557.0
2026-02-03 08:00:00,FIRE,2.22,2.25,2.17,2.17,30693.0
2026-02-04 08:00:00,FIRE,2.22,2.24,2.17,2.22,31486.0
2026-02-05 08:00:00,FIRE,2.22,2.22,2.11,2.11,157521.0
2026-02-08 08:00:00,FIRE,2.13,2.23,2.12,2.16,98170.0
2026-02-09 08:00:00,FIRE,2.21,2.21,2.15,2.17,100326.0
2026-02-10 08:00:00,FIRE,2.19,2.25,2.14,2.17,166045.0
2026-02-11 08:00:00,FIRE,2.19,2.22,2.16,2.2,9286.0
2026-02-12 08:00:00,FIRE,2.19,2.22,2.16,2.21,3920.0
2026-02-15 08:00:00,FIRE,2.19,2.21,2.14,2.18,94279.0
2026-02-16 08:00:00,FIRE,2.15,2.19,2.05,2.05,1578197.0
2026-02-17 08:00:00,FIRE,2.05,2.15,2.02,2.11,641936.0
2026-02-18 08:00:00,FIRE,2.11,2.14,2.04,2.07,500610.0
2026-02-19 08:00:00,FIRE,2.05,2.15,1.95,2.15,1359280.0
2026-02-22 08:00:00,FIRE,2.15,2.24,2.09,2.15,412109.0
2026-02-23 08:00:00,FIRE,2.1,2.2,2.0,2.09,981604.0
2026-02-24 08:00:00,FIRE,2.09,2.14,2.02,2.04,224137.0
2026-02-25 08:00:00,FIRE,2.04,2.04,1.94,1.94,600150.0
2026-02-26 08:00:00,FIRE,1.95,1.95,1.86,1.89,309776.0
2026-03-01 08:00:00,FIRE,1.87,1.87,1.78,1.8,262804.0
2026-03-02 08:00:00,FIRE,1.78,1.86,1.74,1.8,72004.0
2026-03-03 08:00:00,FIRE,1.78,1.83,1.78,1.8,120795.0
2026-03-04 08:00:00,FIRE,1.8,1.85,1.77,1.84,181006.0
2026-03-05 08:00:00,FIRE,1.81,1.9,1.81,1.9,247735.0
2026-03-08 08:00:00,FIRE,1.9,1.99,1.9,1.99,461363.0
2026-03-09 08:00:00,FIRE,1.98,2.07,1.98,2.04,489272.0
2026-03-10 08:00:00,FIRE,2.04,2.14,1.97,2.14,965695.0
2026-03-11 08:00:00,FIRE,2.14,2.24,2.1,2.14,450208.0
2026-03-12 08:00:00,FIRE,2.13,2.23,2.1,2.23,549822.0
2026-03-15 08:00:00,FIRE,2.23,2.34,2.23,2.34,921548.0
2026-03-16 08:00:00,FIRE,2.34,2.45,2.34,2.45,123714.0
2026-03-17 08:00:00,FIRE,2.45,2.57,2.45,2.57,204879.0
2026-03-18 08:00:00,FIRE,2.57,2.69,2.48,2.6,1712994.0
2026-03-24 08:00:00,FIRE,2.59,2.71,2.58,2.71,512741.0
2026-03-25 08:00:00,FIRE,2.71,2.71,2.58,2.68,928331.0
2026-03-26 08:00:00,FIRE,2.65,2.78,2.61,2.75,680899.0
2026-03-29 08:00:00,FIRE,2.74,2.87,2.72,2.87,1079643.0
2026-03-30 08:00:00,FIRE,2.87,3.01,2.87,2.94,1740267.0
2026-03-31 08:00:00,FIRE,2.94,3.08,2.8,2.8,1499009.0
2026-04-01 08:00:00,FIRE,2.83,2.86,2.69,2.78,784159.0
2026-04-02 08:00:00,FIRE,2.78,2.82,2.66,2.66,185354.0
2026-04-05 08:00:00,FIRE,2.69,2.8,2.56,2.58,351958.0
2026-04-06 08:00:00,FIRE,2.58,2.7,2.46,2.68,764981.0
2026-04-07 08:00:00,FIRE,2.58,2.7,2.58,2.7,394043.0
2026-04-08 08:00:00,FIRE,2.7,2.7,2.61,2.67,117505.0
2026-04-09 08:00:00,FIRE,2.65,2.76,2.62,2.64,193205.0
2026-04-14 08:00:00,FIRE,2.7,2.7,2.58,2.7,144464.0
2026-04-15 08:00:00,FIRE,2.66,2.7,2.6,2.61,166802.0
2026-04-16 08:00:00,FIRE,2.61,2.74,2.52,2.67,406711.0
2026-04-19 08:00:00,FIRE,2.59,2.7,2.59,2.68,97715.0
2026-04-20 08:00:00,FIRE,2.69,2.69,2.58,2.68,178490.0
2026-04-21 08:00:00,FIRE,2.62,2.66,2.58,2.58,310477.0
2026-04-22 08:00:00,FIRE,2.58,2.64,2.55,2.58,215365.0
2026-04-23 08:00:00,FIRE,2.59,2.69,2.57,2.65,341238.0
2026-04-26 07:00:00,FIRE,2.68,2.7,2.61,2.65,106327.0
2026-04-27 07:00:00,FIRE,2.68,2.7,2.63,2.63,60513.0
2026-04-28 07:00:00,FIRE,2.65,2.68,2.6,2.6,130716.0
2026-04-29 07:00:00,FIRE,2.6,2.68,2.6,2.67,291103.0
2026-04-30 07:00:00,FIRE,2.61,2.74,2.61,2.74,624822.0
2026-05-03 07:00:00,FIRE,2.74,2.87,2.74,2.87,471668.0
2026-05-04 07:00:00,FIRE,2.87,3.01,2.87,3.01,838056.0
2026-05-05 07:00:00,FIRE,3.01,3.16,3.0,3.16,884064.0
2026-05-06 07:00:00,FIRE,3.16,3.31,3.13,3.29,1132978.0
2026-05-10 07:00:00,FIRE,3.29,3.29,3.13,3.13,732939.0
2026-05-11 07:00:00,FIRE,3.13,3.28,2.99,3.09,580581.0
2026-05-12 07:00:00,FIRE,3.09,3.22,3.09,3.21,387525.0
2026-05-13 07:00:00,FIRE,3.21,3.34,3.1,3.12,285236.0
2026-05-14 07:00:00,FIRE,3.12,3.24,3.06,3.1,232491.0
2026-05-17 07:00:00,FIRE,3.1,3.25,3.06,3.24,456856.0
2026-05-18 07:00:00,FIRE,3.24,3.4,3.2,3.4,726559.0
2026-05-19 07:00:00,FIRE,3.4,3.57,3.3,3.57,554998.0
2026-05-20 07:00:00,FIRE,3.57,3.74,3.4,3.65,823934.0
2026-05-21 07:00:00,FIRE,3.65,3.82,3.47,3.6,571603.0
2026-05-24 07:00:00,FIRE,3.6,3.75,3.47,3.61,256183.0
2026-05-25 07:00:00,FIRE,3.66,3.76,3.48,3.54,301530.0
2026-06-01 07:00:00,FIRE,3.54,3.71,3.39,3.68,588143.0
2026-06-02 07:00:00,FIRE,3.69,3.71,3.54,3.61,215574.0
2026-06-03 07:00:00,FIRE,3.68,3.86,3.62,3.81,505826.0
2026-06-04 07:00:00,FIRE,3.81,3.95,3.63,3.89,387215.0
2026-06-07 07:00:00,FIRE,3.84,3.97,3.75,3.91,98758.0
2026-06-08 07:00:00,FIRE,3.92,4.11,3.86,4.06,743785.0
2026-06-09 07:00:00,FIRE,4.06,4.26,4.06,4.24,93829.0
2026-06-10 07:00:00,FIRE,4.24,4.45,4.03,4.34,712007.0
2026-06-11 07:00:00,FIRE,4.34,4.55,4.21,4.55,268053.0
2026-06-14 07:00:00,FIRE,4.55,4.77,4.36,4.77,940238.0
2026-06-15 07:00:00,FIRE,4.77,5.0,4.54,4.98,648385.0
2026-06-16 07:00:00,FIRE,4.71,4.94,4.68,4.7,483571.0
2026-06-17 07:00:00,FIRE,4.7,4.82,4.47,4.47,454111.0
2026-06-21 07:00:00,FIRE,4.47,4.47,4.25,4.26,338321.0
2026-06-22 07:00:00,FIRE,4.26,4.4,4.05,4.11,169465.0
2026-06-23 07:00:00,FIRE,4.1,4.25,4.05,4.21,87824.0
2026-06-24 07:00:00,FIRE,4.12,4.32,4.08,4.32,643919.0
2026-06-25 07:00:00,FIRE,4.32,4.53,4.32,4.41,188634.0
2026-06-28 07:00:00,FIRE,4.49,4.49,4.27,4.45,359781.0
2026-06-29 07:00:00,FIRE,4.27,4.45,4.11,4.44,48998.0
2026-06-30 07:00:00,FIRE,4.27,4.44,4.17,4.32,20721.0
2026-07-01 07:00:00,FIRE,4.27,4.48,4.21,4.46,187947.0
2026-07-05 07:00:00,FIRE,4.46,4.68,4.29,4.51,192938.0
2026-07-06 07:00:00,FIRE,4.5,4.68,4.42,4.68,313447.0
2026-07-07 07:00:00,FIRE,4.67,4.87,4.55,4.86,219932.0
2026-07-08 07:00:00,FIRE,4.81,5.05,4.68,5.05,1363438.0
2026-07-09 07:00:00,FIRE,5.05,5.21,4.83,5.15,336171.0
2026-07-12 07:00:00,FIRE,5.16,5.25,4.92,5.25,291151.0
2026-07-13 07:00:00,FIRE,5.21,5.47,5.07,5.45,544319.0
